{
    "01_CustomDiffusion": {
        "pearson_corr": 0.7613974702276808,
        "spearman_corr": 0.5092926171868886
    },
    "02_OMG_lora": {
        "pearson_corr": 0.6700030085046659,
        "spearman_corr": 0.4427065727567177
    },
    "03_OMG_instantID": {
        "pearson_corr": 0.6895130346631506,
        "spearman_corr": 0.3179959802291134
    },
    "04_fastcomposer": {
        "pearson_corr": 0.6385087328184474,
        "spearman_corr": 0.2563634585052028
    },
    "05_Mix-of-Show": {
        "pearson_corr": 0.6604563125144531,
        "spearman_corr": 0.5716606269712897
    },
    "06_DreamBooth": {
        "pearson_corr": 0.6940671051108709,
        "spearman_corr": 0.34734880199178236
    },
    "total_pearson_corr": 0.7655257829645461,
    "total_spearman_corr": 0.660129094836317
}