{
    "01_CustomDiffusion": {
        "pearson_corr": 0.8216011951224398,
        "spearman_corr": 0.5121955317366931
    },
    "02_OMG_lora": {
        "pearson_corr": 0.6748666841674922,
        "spearman_corr": 0.3407365451736262
    },
    "03_OMG_instantID": {
        "pearson_corr": 0.6921658945760124,
        "spearman_corr": 0.451497150697072
    },
    "04_fastcomposer": {
        "pearson_corr": 0.6341214862258224,
        "spearman_corr": 0.44151443425041453
    },
    "05_Mix-of-Show": {
        "pearson_corr": 0.6680279404159276,
        "spearman_corr": 0.4043882481869914
    },
    "06_DreamBooth": {
        "pearson_corr": 0.6968359699963279,
        "spearman_corr": 0.40394626947852474
    },
    "total_pearson_corr": 0.8042741176582292,
    "total_spearman_corr": 0.7173667746255552
}