{
    "ArcFace": {
        "pearson_corr_01_CustomDiffusion": 0.3430365535076575,
        "pearson_corr_02_OMG_lora": 0.047737284143506024,
        "pearson_corr_03_OMG_instantID": -0.013242204151406393,
        "pearson_corr_04_fastcomposer": 0.2146787864184393,
        "pearson_corr_05_Mix-of-Show": 0.4991765926410003,
        "pearson_corr_06_DreamBooth": 0.2102821064094206,
        "pearson_corr": 0.2279301682463902,
        "spearman_corr_01_CustomDiffusion": 0.25750197981850403,
        "spearman_corr_02_OMG_lora": 0.0056485483675548604,
        "spearman_corr_03_OMG_instantID": 0.06218667914868712,
        "spearman_corr_04_fastcomposer": 0.26591654880836163,
        "spearman_corr_05_Mix-of-Show": 0.3340008653649092,
        "spearman_corr_06_DreamBooth": 0.15199918318013647,
        "spearman_corr": 0.04191695724382045
    },
    "CLIP_AESTHETIC": {
        "pearson_corr_01_CustomDiffusion": 0.46364826778131024,
        "pearson_corr_02_OMG_lora": 0.14372263324997603,
        "pearson_corr_03_OMG_instantID": 0.1965224298688505,
        "pearson_corr_04_fastcomposer": 0.26379652442747015,
        "pearson_corr_05_Mix-of-Show": 0.2924790513980136,
        "pearson_corr_06_DreamBooth": 0.43682697435592643,
        "pearson_corr": 0.514802014504487,
        "spearman_corr_01_CustomDiffusion": 0.08596268802129642,
        "spearman_corr_02_OMG_lora": 0.042583882458875136,
        "spearman_corr_03_OMG_instantID": 0.0008345271426601831,
        "spearman_corr_04_fastcomposer": 0.14580839972645052,
        "spearman_corr_05_Mix-of-Show": 0.019392501463713543,
        "spearman_corr_06_DreamBooth": 0.2628230576587241,
        "spearman_corr": 0.4910803257351262
    },
    "CLIP_TEXT2IMAGE": {
        "pearson_corr_01_CustomDiffusion": 0.20446713392129115,
        "pearson_corr_02_OMG_lora": -0.005763827349174969,
        "pearson_corr_03_OMG_instantID": 0.11303639958711077,
        "pearson_corr_04_fastcomposer": 0.0897074181858237,
        "pearson_corr_05_Mix-of-Show": 0.21237900846484897,
        "pearson_corr_06_DreamBooth": 0.19801882348210043,
        "pearson_corr": 0.292014878704066,
        "spearman_corr_01_CustomDiffusion": 0.2708815985429318,
        "spearman_corr_02_OMG_lora": 0.13483007219696588,
        "spearman_corr_03_OMG_instantID": 0.07627650380326896,
        "spearman_corr_04_fastcomposer": 0.36056922945592673,
        "spearman_corr_05_Mix-of-Show": 0.3843010492907773,
        "spearman_corr_06_DreamBooth": 0.3329735312059186,
        "spearman_corr": 0.4247305610438925
    },
    "CLIP_TEXT2TEXT": {
        "pearson_corr_01_CustomDiffusion": 0.009896882481935352,
        "pearson_corr_02_OMG_lora": -0.043604632295382605,
        "pearson_corr_03_OMG_instantID": -0.04164044120845006,
        "pearson_corr_04_fastcomposer": 0.16142999339363107,
        "pearson_corr_05_Mix-of-Show": 0.18806938125781972,
        "pearson_corr_06_DreamBooth": 0.15960250167787188,
        "pearson_corr": 0.14082299137990356,
        "spearman_corr_01_CustomDiffusion": 0.2680086079767989,
        "spearman_corr_02_OMG_lora": -0.06903275683061764,
        "spearman_corr_03_OMG_instantID": -0.09299934900376468,
        "spearman_corr_04_fastcomposer": 0.2011795684744058,
        "spearman_corr_05_Mix-of-Show": 0.22598039223400923,
        "spearman_corr_06_DreamBooth": 0.21005286006873505,
        "spearman_corr": 0.2137548282152119
    },
    "DINO": {
        "pearson_corr_01_CustomDiffusion": 0.2793965983772397,
        "pearson_corr_02_OMG_lora": 0.03672286250025186,
        "pearson_corr_03_OMG_instantID": 0.29545713940080415,
        "pearson_corr_04_fastcomposer": -0.17009245048494404,
        "pearson_corr_05_Mix-of-Show": -0.07402817676807993,
        "pearson_corr_06_DreamBooth": 0.2618679060514462,
        "pearson_corr": 0.10402623602928607,
        "spearman_corr_01_CustomDiffusion": 0.10040290764940644,
        "spearman_corr_02_OMG_lora": 0.14436215878543657,
        "spearman_corr_03_OMG_instantID": 0.09716117646120756,
        "spearman_corr_04_fastcomposer": 0.0929780304777769,
        "spearman_corr_05_Mix-of-Show": -0.20118308996710768,
        "spearman_corr_06_DreamBooth": -0.01860953320581355,
        "spearman_corr": 0.03884275826417031
    },
    "wo_r_GPT_vanilla": {
        "pearson_corr_01_CustomDiffusion": 0.7739044364414452,
        "pearson_corr_02_OMG_lora": 0.4215730614412664,
        "pearson_corr_03_OMG_instantID": 0.5029341888729819,
        "pearson_corr_04_fastcomposer": 0.5055276360747777,
        "pearson_corr_05_Mix-of-Show": 0.670281739897219,
        "pearson_corr_06_DreamBooth": 0.5760490497968764,
        "pearson_corr": 0.6650528249909617,
        "spearman_corr_01_CustomDiffusion": 0.42191468461136383,
        "spearman_corr_02_OMG_lora": 0.24922067934097625,
        "spearman_corr_03_OMG_instantID": 0.40802232876406785,
        "spearman_corr_04_fastcomposer": 0.42814008031879114,
        "spearman_corr_05_Mix-of-Show": 0.46779452257185794,
        "spearman_corr_06_DreamBooth": 0.27162843406753573,
        "spearman_corr": 0.5833687148748244
    }
}