{
    "ArcFace": {
        "pearson_corr_01_CustomDiffusion": 0.21054291617622858,
        "pearson_corr_02_OMG_lora": 0.04563338875726426,
        "pearson_corr_03_OMG_instantID": -0.009993639342227873,
        "pearson_corr_04_fastcomposer": 0.21616384631990135,
        "pearson_corr_05_Mix-of-Show": 0.22778947164017582,
        "pearson_corr_06_DreamBooth": 0.09878224715837465,
        "pearson_corr": 0.13315183886920215,
        "spearman_corr_01_CustomDiffusion": 0.24455143074078348,
        "spearman_corr_02_OMG_lora": 0.06891587711742801,
        "spearman_corr_03_OMG_instantID": 0.11496780498096393,
        "spearman_corr_04_fastcomposer": 0.23238158721349708,
        "spearman_corr_05_Mix-of-Show": 0.24395238489134902,
        "spearman_corr_06_DreamBooth": 0.2207370324735137,
        "spearman_corr": -0.014159473988888461
    },
    "CLIP_AESTHETIC": {
        "pearson_corr_01_CustomDiffusion": 0.4594377591703828,
        "pearson_corr_02_OMG_lora": 0.2058545686268964,
        "pearson_corr_03_OMG_instantID": 0.20728697826622253,
        "pearson_corr_04_fastcomposer": 0.269748346064366,
        "pearson_corr_05_Mix-of-Show": 0.2903790400913829,
        "pearson_corr_06_DreamBooth": 0.3572593850454164,
        "pearson_corr": 0.5159967423178307,
        "spearman_corr_01_CustomDiffusion": 0.18834307109397508,
        "spearman_corr_02_OMG_lora": -0.010516411722250733,
        "spearman_corr_03_OMG_instantID": 0.05014966202764035,
        "spearman_corr_04_fastcomposer": 0.18238021984964,
        "spearman_corr_05_Mix-of-Show": 0.04416031372324141,
        "spearman_corr_06_DreamBooth": 0.13242931317941697,
        "spearman_corr": 0.49935642578843953
    },
    "CLIP_TEXT2IMAGE": {
        "pearson_corr_01_CustomDiffusion": 0.20727577827297486,
        "pearson_corr_02_OMG_lora": 0.005936169400166113,
        "pearson_corr_03_OMG_instantID": 0.10460419872754456,
        "pearson_corr_04_fastcomposer": 0.09026258178462337,
        "pearson_corr_05_Mix-of-Show": 0.07691031872540631,
        "pearson_corr_06_DreamBooth": 0.21941917538428923,
        "pearson_corr": 0.27059746586507205,
        "spearman_corr_01_CustomDiffusion": 0.477638489390743,
        "spearman_corr_02_OMG_lora": 0.11238757356837176,
        "spearman_corr_03_OMG_instantID": 0.11691404057615502,
        "spearman_corr_04_fastcomposer": 0.28213818197881596,
        "spearman_corr_05_Mix-of-Show": 0.421692874479378,
        "spearman_corr_06_DreamBooth": 0.1717609185991349,
        "spearman_corr": 0.4314924459946016
    },
    "CLIP_TEXT2TEXT": {
        "pearson_corr_01_CustomDiffusion": -0.0023734514480489013,
        "pearson_corr_02_OMG_lora": -0.03668154405100279,
        "pearson_corr_03_OMG_instantID": -0.043827213809342416,
        "pearson_corr_04_fastcomposer": 0.16538375315310763,
        "pearson_corr_05_Mix-of-Show": 0.4261874478681661,
        "pearson_corr_06_DreamBooth": 0.2760216905460587,
        "pearson_corr": 0.19974950561922356,
        "spearman_corr_01_CustomDiffusion": 0.18905145403188328,
        "spearman_corr_02_OMG_lora": 0.04568334995465497,
        "spearman_corr_03_OMG_instantID": -0.03766719500414562,
        "spearman_corr_04_fastcomposer": 0.180814159523477,
        "spearman_corr_05_Mix-of-Show": 0.28935229377822286,
        "spearman_corr_06_DreamBooth": 0.06286153626733146,
        "spearman_corr": 0.21014440484174823
    },
    "DINO": {
        "pearson_corr_01_CustomDiffusion": 0.28126111358098543,
        "pearson_corr_02_OMG_lora": 0.047466274603101336,
        "pearson_corr_03_OMG_instantID": 0.30831341623725395,
        "pearson_corr_04_fastcomposer": -0.1657587045056809,
        "pearson_corr_05_Mix-of-Show": 0.09995009470096189,
        "pearson_corr_06_DreamBooth": 0.3172350474342276,
        "pearson_corr": 0.12875148392401092,
        "spearman_corr_01_CustomDiffusion": 0.20824667743169442,
        "spearman_corr_02_OMG_lora": 0.25312568728329665,
        "spearman_corr_03_OMG_instantID": -0.02681301393732212,
        "spearman_corr_04_fastcomposer": 0.06644494788183766,
        "spearman_corr_05_Mix-of-Show": 0.022668503040207986,
        "spearman_corr_06_DreamBooth": 0.21744232173481332,
        "spearman_corr": 0.11302858736261563
    },
    "GPT_vanilla": {
        "pearson_corr_01_CustomDiffusion": 0.6856530266124816,
        "pearson_corr_02_OMG_lora": 0.5164946238982961,
        "pearson_corr_03_OMG_instantID": 0.3356983174042206,
        "pearson_corr_04_fastcomposer": 0.48631431081957743,
        "pearson_corr_05_Mix-of-Show": 0.66470213564027,
        "pearson_corr_06_DreamBooth": 0.4907129044240042,
        "pearson_corr": 0.5781702151714994,
        "spearman_corr_01_CustomDiffusion": 0.3713809684467901,
        "spearman_corr_02_OMG_lora": 0.3504442399931343,
        "spearman_corr_03_OMG_instantID": 0.22644501605372966,
        "spearman_corr_04_fastcomposer": 0.40323137508376705,
        "spearman_corr_05_Mix-of-Show": 0.5239000880593623,
        "spearman_corr_06_DreamBooth": 0.22311247484715602,
        "spearman_corr": 0.47026625666154204
    }
}