{
    "ArcFace": {
        "pearson_corr_01_CustomDiffusion": 0.3430365535076575,
        "pearson_corr_02_OMG_lora": 0.047737284143506024,
        "pearson_corr_03_OMG_instantID": -0.013242204151406393,
        "pearson_corr_04_fastcomposer": 0.2146787864184393,
        "pearson_corr_05_Mix-of-Show": 0.4991765926410003,
        "pearson_corr_06_DreamBooth": 0.2102821064094206,
        "pearson_corr": 0.2279301682463902,
        "spearman_corr_01_CustomDiffusion": 0.25750197981850403,
        "spearman_corr_02_OMG_lora": 0.0056485483675548604,
        "spearman_corr_03_OMG_instantID": 0.06218667914868712,
        "spearman_corr_04_fastcomposer": 0.26591654880836163,
        "spearman_corr_05_Mix-of-Show": 0.3340008653649092,
        "spearman_corr_06_DreamBooth": 0.15199918318013647,
        "spearman_corr": 0.04191695724382045
    },
    "CLIP_AESTHETIC": {
        "pearson_corr_01_CustomDiffusion": 0.4636482677813102,
        "pearson_corr_02_OMG_lora": 0.14372263324997597,
        "pearson_corr_03_OMG_instantID": 0.19652242986885043,
        "pearson_corr_04_fastcomposer": 0.2637965244274699,
        "pearson_corr_05_Mix-of-Show": 0.2924790513980136,
        "pearson_corr_06_DreamBooth": 0.43682697435592616,
        "pearson_corr": 0.5148020145044868,
        "spearman_corr_01_CustomDiffusion": 0.08596268802129642,
        "spearman_corr_02_OMG_lora": 0.042583882458875136,
        "spearman_corr_03_OMG_instantID": 0.0008345271426601831,
        "spearman_corr_04_fastcomposer": 0.14580839972645052,
        "spearman_corr_05_Mix-of-Show": 0.019392501463713543,
        "spearman_corr_06_DreamBooth": 0.2628230576587241,
        "spearman_corr": 0.4910803257351262
    },
    "CLIP_TEXT2IMAGE": {
        "pearson_corr_01_CustomDiffusion": 0.20446713392129123,
        "pearson_corr_02_OMG_lora": -0.005763827349175027,
        "pearson_corr_03_OMG_instantID": 0.11303639958711091,
        "pearson_corr_04_fastcomposer": 0.08970741818582374,
        "pearson_corr_05_Mix-of-Show": 0.21237900846484906,
        "pearson_corr_06_DreamBooth": 0.1980188234821004,
        "pearson_corr": 0.2920148787040659,
        "spearman_corr_01_CustomDiffusion": 0.2708815985429318,
        "spearman_corr_02_OMG_lora": 0.13483007219696588,
        "spearman_corr_03_OMG_instantID": 0.07627650380326896,
        "spearman_corr_04_fastcomposer": 0.36056922945592673,
        "spearman_corr_05_Mix-of-Show": 0.3843010492907773,
        "spearman_corr_06_DreamBooth": 0.3329735312059186,
        "spearman_corr": 0.4247305610438925
    },
    "CLIP_TEXT2TEXT": {
        "pearson_corr_01_CustomDiffusion": 0.009896882481935196,
        "pearson_corr_02_OMG_lora": -0.04360463229538294,
        "pearson_corr_03_OMG_instantID": -0.041640441208449945,
        "pearson_corr_04_fastcomposer": 0.16142999339363123,
        "pearson_corr_05_Mix-of-Show": 0.1880693812578202,
        "pearson_corr_06_DreamBooth": 0.15960250167787193,
        "pearson_corr": 0.14082299137990353,
        "spearman_corr_01_CustomDiffusion": 0.2680086079767989,
        "spearman_corr_02_OMG_lora": -0.06903275683061764,
        "spearman_corr_03_OMG_instantID": -0.09299934900376468,
        "spearman_corr_04_fastcomposer": 0.2011795684744058,
        "spearman_corr_05_Mix-of-Show": 0.22598039223400923,
        "spearman_corr_06_DreamBooth": 0.21005286006873505,
        "spearman_corr": 0.2137548282152119
    },
    "DINO": {
        "pearson_corr_01_CustomDiffusion": 0.27939659837723996,
        "pearson_corr_02_OMG_lora": 0.0367228625002519,
        "pearson_corr_03_OMG_instantID": 0.29545713940080415,
        "pearson_corr_04_fastcomposer": -0.170092450484944,
        "pearson_corr_05_Mix-of-Show": -0.07402817676808002,
        "pearson_corr_06_DreamBooth": 0.2618679060514462,
        "pearson_corr": 0.10402623602928628,
        "spearman_corr_01_CustomDiffusion": 0.10040290764940644,
        "spearman_corr_02_OMG_lora": 0.14436215878543657,
        "spearman_corr_03_OMG_instantID": 0.09716117646120756,
        "spearman_corr_04_fastcomposer": 0.0929780304777769,
        "spearman_corr_05_Mix-of-Show": -0.20118308996710768,
        "spearman_corr_06_DreamBooth": -0.01860953320581355,
        "spearman_corr": 0.03884275826417031
    },
    "wo_r_GPT_vanilla": {
        "pearson_corr_01_CustomDiffusion": 0.7739044364414442,
        "pearson_corr_02_OMG_lora": 0.4215730614412657,
        "pearson_corr_03_OMG_instantID": 0.5029341888729816,
        "pearson_corr_04_fastcomposer": 0.5055276360747776,
        "pearson_corr_05_Mix-of-Show": 0.6702817398972194,
        "pearson_corr_06_DreamBooth": 0.5760490497968765,
        "pearson_corr": 0.6650528249909604,
        "spearman_corr_01_CustomDiffusion": 0.42191468461136383,
        "spearman_corr_02_OMG_lora": 0.24922067934097625,
        "spearman_corr_03_OMG_instantID": 0.40802232876406785,
        "spearman_corr_04_fastcomposer": 0.42814008031879114,
        "spearman_corr_05_Mix-of-Show": 0.46779452257185794,
        "spearman_corr_06_DreamBooth": 0.27162843406753573,
        "spearman_corr": 0.5833687148748244
    }
}