{
    "01_CustomDiffusion": {
        "pearson_corr": 0.716674922985971,
        "spearman_corr": 0.5452842376471945
    },
    "02_OMG_lora": {
        "pearson_corr": 0.6696172641853407,
        "spearman_corr": 0.49103269315658765
    },
    "03_OMG_instantID": {
        "pearson_corr": 0.704095330724829,
        "spearman_corr": 0.478396818391633
    },
    "04_fastcomposer": {
        "pearson_corr": 0.6366195956514498,
        "spearman_corr": 0.4084641846475977
    },
    "05_Mix-of-Show": {
        "pearson_corr": 0.686505551055232,
        "spearman_corr": 0.6600697362573278
    },
    "06_DreamBooth": {
        "pearson_corr": 0.6720872005876374,
        "spearman_corr": 0.41136684280808616
    },
    "total_pearson_corr": 0.7747825541636996,
    "total_spearman_corr": 0.7133280465283998
}