{
    "default": {
        "total_pearson_corr": 0.7747825541636996,
        "total_spearman_corr": 0.7133280465283998
    },
    "score1": {
        "total_pearson_corr": 0.7746752856081454,
        "total_spearman_corr": 0.711248730338864
    },
    "score2": {
        "total_pearson_corr": 0.7778285367107005,
        "total_spearman_corr": 0.7071601937478023
    },
    "score3": {
        "total_pearson_corr": 0.7747917730838687,
        "total_spearman_corr": 0.7095892724862852
    },
    "score4": {
        "total_pearson_corr": 0.7748602600582534,
        "total_spearman_corr": 0.698173500257174
    },
    "score5": {
        "total_pearson_corr": 0.7754343554472074,
        "total_spearman_corr": 0.7165662975992602
    },
    "score6": {
        "total_pearson_corr": 0.7581043624868415,
        "total_spearman_corr": 0.7068796233591661
    },
    "score7": {
        "total_pearson_corr": 0.754555520410146,
        "total_spearman_corr": 0.6707025959369064
    },
    "score8": {
        "total_pearson_corr": 0.7740955047040132,
        "total_spearman_corr": 0.7097528595470403
    },
    "score9": {
        "total_pearson_corr": 0.770364756879551,
        "total_spearman_corr": 0.7126534713648609
    },
    "score10": {
        "total_pearson_corr": 0.7711984249062077,
        "total_spearman_corr": 0.7151834504078084
    },
    "score11": {
        "total_pearson_corr": 0.7683647147894572,
        "total_spearman_corr": 0.6979753229182668
    },
    "score12": {
        "total_pearson_corr": 0.7702110154846581,
        "total_spearman_corr": 0.7178818646510083
    },
    "score13": {
        "total_pearson_corr": 0.7732670698120813,
        "total_spearman_corr": 0.715006455715939
    },
    "score14": {
        "total_pearson_corr": 0.76394312060917,
        "total_spearman_corr": 0.6935035472972955
    },
    "score15": {
        "total_pearson_corr": 0.7787720210287837,
        "total_spearman_corr": 0.7106345891197594
    },
    "score16": {
        "total_pearson_corr": 0.7631910553262368,
        "total_spearman_corr": 0.6911531611328581
    },
    "score17": {
        "total_pearson_corr": 0.7742263819435535,
        "total_spearman_corr": 0.7126991745823865
    },
    "score18": {
        "total_pearson_corr": 0.7802331443232342,
        "total_spearman_corr": 0.7102659086404076
    }
}